{
    "batchName": "Maxwell",
    "batchTime": 1666057727,
    "boardConf": "nIR-C00M00-00",
    "boardCustom": "",
    "boardName": "DM9098",
    "boardOptions": 4,
    "boardRev": "R6M2E6",
    "cameraData": [
        [
            0,
            {
                "cameraType": 0,
                "distortionCoeff": [
                    -4.051710605621338,
                    30.69221305847168,
                    -0.000565864727832377,
                    -0.00013378763105720282,
                    4.680714130401611,
                    -3.8849339485168457,
                    29.914888381958008,
                    11.84231948852539,
                    0.0,
                    0.0,
                    0.0,
                    0.0,
                    0.0,
                    0.0
                ],
                "extrinsics": {
                    "rotationMatrix": [
                        [
                            0.0,
                            0.0,
                            0.0
                        ],
                        [
                            0.0,
                            0.0,
                            0.0
                        ],
                        [
                            0.0,
                            0.0,
                            0.0
                        ]
                    ],
                    "specTranslation": {
                        "x": -0.0,
                        "y": -0.0,
                        "z": -0.0
                    },
                    "toCameraSocket": -1,
                    "translation": {
                        "x": 0.0,
                        "y": 0.0,
                        "z": 0.0
                    }
                },
                "height": 2160,
                "intrinsicMatrix": [
                    [
                        2272.68408203125,
                        0.0,
                        1895.242919921875
                    ],
                    [
                        0.0,
                        2272.68408203125,
                        1023.5487060546875
                    ],
                    [
                        0.0,
                        0.0,
                        1.0
                    ]
                ],
                "lensPosition": 0,
                "specHfovDeg": 108.0,
                "width": 3840
            }
        ],
        [
            1,
            {
                "cameraType": 0,
                "distortionCoeff": [
                    6.212414264678955,
                    8.334565162658691,
                    -0.0003137040475849062,
                    -5.028566738474183e-05,
                    0.675804615020752,
                    6.51073694229126,
                    10.462994575500488,
                    2.6666507720947266,
                    0.0,
                    0.0,
                    0.0,
                    0.0,
                    0.0,
                    0.0
                ],
                "extrinsics": {
                    "rotationMatrix": [
                        [
                            0.9998148083686829,
                            0.007832947187125683,
                            -0.01757749542593956
                        ],
                        [
                            -0.007834873162209988,
                            0.9999693036079407,
                            -4.070470095030032e-05
                        ],
                        [
                            0.017576636746525764,
                            0.00017841461522039026,
                            0.9998455047607422
                        ]
                    ],
                    "specTranslation": {
                        "x": -7.5,
                        "y": 0.0,
                        "z": 0.0
                    },
                    "toCameraSocket": 2,
                    "translation": {
                        "x": -7.42453145980835,
                        "y": -0.025854669511318207,
                        "z": -0.18590795993804932
                    }
                },
                "height": 800,
                "intrinsicMatrix": [
                    [
                        562.7694702148438,
                        0.0,
                        630.6842651367188
                    ],
                    [
                        0.0,
                        562.7694702148438,
                        405.55072021484375
                    ],
                    [
                        0.0,
                        0.0,
                        1.0
                    ]
                ],
                "lensPosition": 0,
                "specHfovDeg": 127.0,
                "width": 1280
            }
        ],
        [
            2,
            {
                "cameraType": 0,
                "distortionCoeff": [
                    0.35117506980895996,
                    -0.06263210624456406,
                    -0.00016500703350175172,
                    -0.000720323936548084,
                    -0.002120057586580515,
                    0.6875592470169067,
                    -0.03410788252949715,
                    -0.014250376261770725,
                    0.0,
                    0.0,
                    0.0,
                    0.0,
                    0.0,
                    0.0
                ],
                "extrinsics": {
                    "rotationMatrix": [
                        [
                            0.9998105764389038,
                            -0.0035090267192572355,
                            0.01914319582283497
                        ],
                        [
                            0.003422502428293228,
                            0.9999837875366211,
                            0.004550744779407978
                        ],
                        [
                            -0.019158855080604553,
                            -0.004484365228563547,
                            0.9998064041137695
                        ]
                    ],
                    "specTranslation": {
                        "x": 3.75,
                        "y": 0.0,
                        "z": 0.0
                    },
                    "toCameraSocket": 0,
                    "translation": {
                        "x": 3.7085773944854736,
                        "y": 0.032475464046001434,
                        "z": -0.06866658478975296
                    }
                },
                "height": 800,
                "intrinsicMatrix": [
                    [
                        564.8338623046875,
                        0.0,
                        666.8120727539063
                    ],
                    [
                        0.0,
                        564.8338623046875,
                        381.1567687988281
                    ],
                    [
                        0.0,
                        0.0,
                        1.0
                    ]
                ],
                "lensPosition": 0,
                "specHfovDeg": 127.0,
                "width": 1280
            }
        ]
    ],
    "hardwareConf": "F1-FV01-BC000",
    "imuExtrinsics": {
        "rotationMatrix": [
            [
                0.0,
                0.0,
                0.0
            ],
            [
                0.0,
                0.0,
                0.0
            ],
            [
                0.0,
                0.0,
                0.0
            ]
        ],
        "specTranslation": {
            "x": 0.0,
            "y": 0.0,
            "z": 0.0
        },
        "toCameraSocket": -1,
        "translation": {
            "x": 0.0,
            "y": 0.0,
            "z": 0.0
        }
    },
    "miscellaneousData": [],
    "productName": "OAK-D W",
    "stereoRectificationData": {
        "leftCameraSocket": 1,